{"cameraMode":{"drawMode":0,"name":"Shaded","section":"Shading Mode"},"sceneLighting":false,"audioPlay":false,"sceneViewState":{"m_AlwaysRefresh":true,"showFog":true,"showSkybox":false,"showFlares":true,"showImageEffects":true,"showParticleSystems":true,"showVisualEffectGraphs":true,"m_FxEnabled":true},"in2DMode":false,"pivot":{"x":0.1387925148010254,"y":0.4879741072654724,"z":0.15809237957000733},"rotation":{"x":0.05299368500709534,"y":0.8960374593734741,"z":-0.11131700873374939,"w":0.4265531897544861},"size":2.0453035831451418,"orthographic":false}