{"cameraMode":{"drawMode":0,"name":"Shaded","section":"Shading Mode"},"sceneLighting":true,"audioPlay":false,"sceneViewState":{"m_AlwaysRefresh":true,"showFog":true,"showSkybox":true,"showFlares":true,"showImageEffects":true,"showParticleSystems":true,"showVisualEffectGraphs":true,"m_FxEnabled":true},"in2DMode":false,"pivot":{"x":-7.796131610870361,"y":-3.364586114883423,"z":25.406917572021486},"rotation":{"x":-0.13387376070022584,"y":-0.08187536150217056,"z":0.010836483910679818,"w":-0.9877000451087952},"size":48.43379592895508,"orthographic":false}