{"cameraMode":{"drawMode":0,"name":"Shaded","section":"Shading Mode"},"sceneLighting":false,"audioPlay":false,"sceneViewState":{"m_AlwaysRefresh":true,"showFog":true,"showSkybox":false,"showFlares":true,"showImageEffects":true,"showParticleSystems":true,"showVisualEffectGraphs":true,"m_FxEnabled":true},"in2DMode":false,"pivot":{"x":0.7594090700149536,"y":0.18777012825012208,"z":-4.716521739959717},"rotation":{"x":0.11523038893938065,"y":-0.3909147083759308,"z":0.049394991248846057,"w":0.9118667244911194},"size":0.8660239577293396,"orthographic":false}