{"cameraMode":{"drawMode":0,"name":"Shaded","section":"Shading Mode"},"sceneLighting":false,"audioPlay":false,"sceneViewState":{"m_AlwaysRefresh":true,"showFog":true,"showSkybox":false,"showFlares":true,"showImageEffects":true,"showParticleSystems":true,"showVisualEffectGraphs":true,"m_FxEnabled":true},"in2DMode":false,"pivot":{"x":0.40955057740211489,"y":-0.3719325363636017,"z":0.42415547370910647},"rotation":{"x":-0.060252610594034198,"y":-0.1010449081659317,"z":0.006128283217549324,"w":-0.993047297000885},"size":0.7071067690849304,"orthographic":false}