{"cameraMode":{"drawMode":0,"name":"Shaded","section":"Shading Mode"},"sceneLighting":false,"audioPlay":false,"sceneViewState":{"m_AlwaysRefresh":true,"showFog":true,"showSkybox":false,"showFlares":true,"showImageEffects":true,"showParticleSystems":true,"showVisualEffectGraphs":true,"m_FxEnabled":true},"in2DMode":false,"pivot":{"x":1.6821706295013428,"y":-0.006664683576673269,"z":1.016729474067688},"rotation":{"x":0.0347352959215641,"y":0.9621466398239136,"z":-0.14748132228851319,"w":0.22659969329833985},"size":0.8660253882408142,"orthographic":false}